"focal","water","post_num","igr"
"ACAM",0.6,1422,-1.85499283859975
"ACAM",0.6,1017,-2.29225360512432
"ACAM",0.6,3908,-2.23878385640602
"ACAM",0.6,679,-2.4000337405359
"ACAM",0.6,2177,-2.39053944373946
"ACAM",0.6,930,-2.29739060132703
"ACAM",0.6,1533,-1.86206713001539
"ACAM",0.6,471,-2.28427622744372
"ACAM",0.6,2347,-2.3859331745509
"ACAM",0.6,270,-1.29548411526215
"ACAM",0.6,1211,-1.81448645324151
"ACAM",0.6,3379,-2.53132603428262
"ACAM",0.6,597,-2.19911248844091
"ACAM",0.6,1301,-2.13938532677641
"ACAM",0.6,3946,-2.27102037379776
"ACAM",0.6,1974,-1.6511885883128
"ACAM",0.6,3566,-1.09310837667537
"ACAM",0.6,330,-2.02642252434273
"ACAM",0.6,1799,-1.8841979500366
"ACAM",0.6,3913,-2.21248021899608
"ACAM",0.6,1615,-1.89280972205473
"ACAM",0.6,1749,-2.42696442795454
"ACAM",0.6,37,-2.2954823865969
"ACAM",0.6,1129,-1.78435927880747
"ACAM",0.6,729,-2.3099341697153
"ACAM",0.6,878,-2.38441468725249
"ACAM",0.6,485,-2.10809150748518
"ACAM",0.6,3749,-1.65775850555138
"ACAM",0.6,1826,-2.49826935130029
"ACAM",0.6,2922,-2.24792745654268
"ACAM",0.6,2430,-2.23672450748518
"ACAM",0.6,3673,-2.10566763422015
"ACAM",0.6,975,-1.57593393914207
"ACAM",0.6,2849,-2.21782456390671
"ACAM",0.6,2900,-2.20754588383831
"ACAM",0.6,2979,-2.06244831357775
"ACAM",0.6,2374,-1.77832518893295
"ACAM",0.6,2378,-1.12156968492667
"ACAM",0.6,554,-2.47505809829275
"ACAM",0.6,1446,-2.08737024492609
"ACAM",0.6,2159,-2.15533265446194
"ACAM",0.6,3476,-2.53310618552028
"ACAM",0.6,1948,-1.95742988258241
"ACAM",0.6,2580,-1.79385324592428
"ACAM",0.6,1530,-2.30325551216439
"ACAM",0.6,2604,-1.99180009162497
"ACAM",0.6,2937,-2.33607157411348
"ACAM",0.6,343,-2.21971426982231
"ACAM",0.6,2630,-2.45582687965517
"ACAM",0.6,3193,-2.07987145170508
"ACAM",0.6,40,-2.37524786876311
"ACAM",0.6,3756,-1.95042984426963
"ACAM",0.6,537,-1.90929142408568
"ACAM",0.6,2423,-1.85909057593322
"ACAM",0.6,248,-2.35234180632546
"ACAM",0.6,1222,-2.45482716436888
"ACAM",0.6,2426,-2.3622332393928
"ACAM",0.6,2087,-2.40312964091116
"ACAM",0.6,2483,-2.46690277072813
"ACAM",0.6,2858,-2.50241046275627
"ACAM",0.6,1414,-2.28161800982078
"ACAM",0.6,1304,-2.45536363644726
"ACAM",0.6,1696,-2.12121484344352
"ACAM",0.6,526,-2.45264316486718
"ACAM",0.6,2690,-2.23530583285668
"ACAM",0.6,1069,-1.87288426960689
"ACAM",0.6,1426,-2.23953625895531
"ACAM",0.6,22,-2.44127943989599
"ACAM",0.6,1742,-2.29218383458637
"ACAM",0.6,1766,-2.03992795700858
"ACAM",0.6,2241,-2.22787230974211
"ACAM",0.6,1395,-2.19069159014582
"ACAM",0.6,2547,-2.42303635818051
"ACAM",0.6,1128,-2.28003049249765
"ACAM",0.6,3398,-2.09703625986787
"ACAM",0.6,983,-2.40150446614805
"ACAM",0.6,1791,-2.08152973547038
"ACAM",0.6,1516,-2.3507443075827
"ACAM",0.6,3910,-2.34137815142519
"ACAM",0.6,1640,-2.12131704160654
"ACAM",0.6,1639,-1.36774925822543
"ACAM",0.6,843,-2.40700335754091
"ACAM",0.6,465,-2.24927608467998
"ACAM",0.6,996,-2.14631997222997
"ACAM",0.6,1549,-1.04829480647437
"ACAM",0.6,3880,-2.34655046947418
"ACAM",0.6,3801,-1.80902213503261
"ACAM",0.6,1200,-2.01441806759921
"ACAM",0.6,3417,-2.34515680463336
"ACAM",0.6,3863,-2.38615642764132
"ACAM",0.6,1134,-2.06898284056242
"ACAM",0.6,84,-1.55577859260813
"ACAM",0.6,1895,-2.40048522016864
"ACAM",0.6,3101,-2.40655169033143
"ACAM",0.6,1165,-2.25049400547908
"ACAM",0.6,2300,-2.43103833805391
"ACAM",0.6,2781,-2.16403553723049
"ACAM",0.6,3958,-1.91849061231021
"ACAM",0.6,2668,-2.50630291950118
"ACAM",0.6,1328,-0.747795080986916
"ACAM",0.6,3617,-2.4386619816019
"ACAM",0.6,557,-2.35816336543293
"ACAM",0.6,1685,-2.40437364338303
"ACAM",0.6,287,-2.20354905448081
"ACAM",0.6,2662,-2.1823752012273
"ACAM",0.6,3217,-2.31843054642314
"ACAM",0.6,2377,-2.5419218492662
"ACAM",0.6,2535,-2.32679110089812
"ACAM",0.6,2903,-2.10487985523235
"ACAM",0.6,2899,-2.23880458515045
"ACAM",0.6,3702,-2.47541498575221
"ACAM",0.6,1522,-2.41317097666891
"ACAM",0.6,858,-2.36117451601535
"ACAM",0.6,1840,-2.11172084218118
"ACAM",0.6,2667,-2.02092609755556
"ACAM",0.6,576,-2.08936729150805
"ACAM",0.6,990,-2.23646329939951
"ACAM",0.6,3562,-2.05149682433424
"ACAM",0.6,3808,-2.30014690844671
"ACAM",0.6,3071,-2.10772436592757
"ACAM",0.6,3175,-0.82897200333626
"ACAM",0.6,316,-2.26011465359669
"ACAM",0.6,1075,-2.28651023488697
"ACAM",0.6,733,-1.96198299988201
"ACAM",0.6,1314,-2.32006878402508
"ACAM",0.6,2698,-2.33467101059727
"ACAM",0.6,3996,-1.68206757313996
"ACAM",0.6,811,-2.23004538617108
"ACAM",0.6,955,-2.36300836311656
"ACAM",0.6,2330,-1.59769989225381
"ACAM",0.6,1167,-2.40538337207398
"ACAM",0.6,3514,-1.83165528860383
"ACAM",0.6,2333,-2.31073728550574
"ACAM",0.6,1706,-2.46512879911881
"ACAM",0.6,3120,-2.4528951307325
"ACAM",0.6,501,-1.95361748473434
"ACAM",0.6,3788,-2.22982546405377
"ACAM",0.6,2559,-2.13551047763164
"ACAM",0.6,3367,-2.20699297960758
"ACAM",0.6,536,-2.44381648688613
"ACAM",0.6,2741,-2.11948887650016
"ACAM",0.6,988,-2.52949735379565
"ACAM",0.6,3286,-2.00511545476761
"ACAM",0.6,2785,-2.36751897247656
"ACAM",0.6,3411,-2.08157454120159
"ACAM",0.6,3418,-2.33383799378596
"ACAM",0.6,3747,-1.51231061526151
"ACAM",0.6,1067,-2.12385936698702
"ACAM",0.6,1025,-2.18573067289102
"ACAM",0.6,29,-1.85662996888639
"ACAM",0.6,3662,-2.20727056194445
"ACAM",0.6,1942,-1.98276422054079
"ACAM",0.6,838,-1.46498198402318
"ACAM",0.6,1820,-2.24109830554951
"ACAM",0.6,1652,-2.17249015119381
"ACAM",0.6,2281,-2.24506741176979
"ACAM",0.6,1317,-1.9305724626648
"ACAM",0.6,573,-0.472441313477583
"ACAM",0.6,1966,-2.32797925455379
"ACAM",0.6,369,-1.53948616821525
"ACAM",0.6,2499,-2.50313623650799
"ACAM",0.6,86,-2.00112166806999
"ACAM",0.6,1507,-1.96122981336133
"ACAM",0.6,2375,-2.4929028489479
"ACAM",0.6,1646,-2.44760453746703
"ACAM",0.6,355,-1.54688070725826
"ACAM",0.6,1843,-1.80008386724766
"ACAM",0.6,2860,-2.16684149240815
"ACAM",0.6,1073,-1.70030259399491
"ACAM",0.6,361,-2.38957463439149
"ACAM",0.6,1340,-1.7397390500129
"ACAM",0.6,1266,-2.15020162681264
"ACAM",0.6,3512,-2.20967206907695
"ACAM",0.6,2806,-2.46768288096407
"ACAM",0.6,1841,-2.45024572661913
"ACAM",0.6,2866,-1.46746846400567
"ACAM",0.6,247,-2.30747178031361
"ACAM",0.6,751,-2.49600095855787
"ACAM",0.6,219,-2.11064550597144
"ACAM",0.6,135,-1.98307640113282
"ACAM",0.6,111,-1.53930466774851
"ACAM",0.6,532,-2.16579623958199
"ACAM",0.6,2425,-2.50392878706053
"ACAM",0.6,408,-2.20466329635391
"ACAM",0.6,3123,-2.36538701124312
"ACAM",0.6,1589,-2.36074588835922
"ACAM",0.6,912,-2.26076446430193
"ACAM",0.6,2515,-2.39706394862804
"ACAM",0.6,3428,-2.27296396790564
"ACAM",0.6,2178,-2.33709927075203
"ACAM",0.6,3887,-2.06926072235516
"ACAM",0.6,3137,-1.86257040947542
"ACAM",0.6,1836,-2.21691870177181
"ACAM",0.6,359,-2.295316941481
"ACAM",0.6,2153,-1.41124132973652
"ACAM",0.6,1148,-2.34776380400047
"ACAM",0.6,2042,-1.85285826782562
"ACAM",0.6,1101,-2.38886062897736
"ACAM",0.6,1242,-2.47101667874056
"ACAM",0.6,3682,-2.4344854360303
"ACAM",0.75,1422,-2.0604948453659
"ACAM",0.75,1017,-1.81252671292151
"ACAM",0.75,3908,-1.64976173868437
"ACAM",0.75,679,-1.52521268360963
"ACAM",0.75,2177,-1.5978917376628
"ACAM",0.75,930,-1.27890968901593
"ACAM",0.75,1533,-1.66937510455735
"ACAM",0.75,471,-2.13976724828665
"ACAM",0.75,2347,-1.72717584952421
"ACAM",0.75,270,-2.21335285170601
"ACAM",0.75,1211,-2.13527730266844
"ACAM",0.75,3379,-1.33950061543516
"ACAM",0.75,597,-0.121376413039928
"ACAM",0.75,1301,-2.10204360494113
"ACAM",0.75,3946,-2.17588004296146
"ACAM",0.75,1974,-1.67206804017686
"ACAM",0.75,3566,-1.05894418662637
"ACAM",0.75,330,-1.68547037319784
"ACAM",0.75,1799,-1.85462840172104
"ACAM",0.75,3913,-1.69133411014924
"ACAM",0.75,1615,-1.58256638328133
"ACAM",0.75,1749,-1.98047876644909
"ACAM",0.75,37,-1.17187696396174
"ACAM",0.75,1129,-1.61893502035488
"ACAM",0.75,729,-2.28343342709214
"ACAM",0.75,878,-0.677562071458441
"ACAM",0.75,485,-1.68364358358213
"ACAM",0.75,3749,-1.99984165812895
"ACAM",0.75,1826,-1.41260552026553
"ACAM",0.75,2922,-1.66065554611639
"ACAM",0.75,2430,-1.05256575782038
"ACAM",0.75,3673,-1.80478290762259
"ACAM",0.75,975,-1.14161554038337
"ACAM",0.75,2849,-1.42706725501677
"ACAM",0.75,2900,-1.84372462862479
"ACAM",0.75,2979,-1.07391163218123
"ACAM",0.75,2374,-1.53263893874521
"ACAM",0.75,2378,-2.13726832209107
"ACAM",0.75,554,-2.42542846489453
"ACAM",0.75,1446,-1.7749008956041
"ACAM",0.75,2159,-1.33406223644828
"ACAM",0.75,3476,-1.51351976628815
"ACAM",0.75,1948,-2.41211326806669
"ACAM",0.75,2580,-2.1779032713326
"ACAM",0.75,1530,-0.648736275119934
"ACAM",0.75,2604,-2.40560844127682
"ACAM",0.75,2937,-2.04420425604221
"ACAM",0.75,343,-1.96514870346981
"ACAM",0.75,2630,-2.12429373021822
"ACAM",0.75,3193,-2.14419248551005
"ACAM",0.75,40,-2.23926075090362
"ACAM",0.75,3756,-1.68841670399164
"ACAM",0.75,537,-1.46178903762552
"ACAM",0.75,2423,-1.56391216950047
"ACAM",0.75,248,-1.77447017273962
"ACAM",0.75,1222,-1.44714660870843
"ACAM",0.75,2426,-2.14864980113173
"ACAM",0.75,2087,-2.19762535750375
"ACAM",0.75,2483,-2.44778769881098
"ACAM",0.75,2858,-1.73245564682928
"ACAM",0.75,1414,-2.1060458900319
"ACAM",0.75,1304,-1.59602023469617
"ACAM",0.75,1696,-1.68314749331431
"ACAM",0.75,526,-2.25688691437343
"ACAM",0.75,2690,-2.10119721033891
"ACAM",0.75,1069,-2.22190401153344
"ACAM",0.75,1426,-1.50728348938229
"ACAM",0.75,22,-1.98441008848424
"ACAM",0.75,1742,-2.34492060939456
"ACAM",0.75,1766,-2.34677634716018
"ACAM",0.75,2241,-1.64169163290712
"ACAM",0.75,1395,-1.54034589584174
"ACAM",0.75,2547,-2.04467392222579
"ACAM",0.75,1128,-2.35060808542332
"ACAM",0.75,3398,-2.2160557477983
"ACAM",0.75,983,-1.23922162876269
"ACAM",0.75,1791,-2.04183851076449
"ACAM",0.75,1516,-0.712682853665048
"ACAM",0.75,3910,-1.88104913467239
"ACAM",0.75,1640,-1.70116880569683
"ACAM",0.75,1639,-1.21058674993662
"ACAM",0.75,843,-1.75235115716852
"ACAM",0.75,465,-2.35638853280237
"ACAM",0.75,996,-2.41194228418757
"ACAM",0.75,1549,-2.38864466517474
"ACAM",0.75,3880,-1.07407025023367
"ACAM",0.75,3801,-1.23383683792952
"ACAM",0.75,1200,-2.2651039615144
"ACAM",0.75,3417,-1.5885531370794
"ACAM",0.75,3863,-1.39060080324985
"ACAM",0.75,1134,-1.22936174580817
"ACAM",0.75,84,-1.28661768220556
"ACAM",0.75,1895,-1.66367140021387
"ACAM",0.75,3101,-1.46584950323517
"ACAM",0.75,1165,-2.16357585370271
"ACAM",0.75,2300,-2.30641643115627
"ACAM",0.75,2781,-0.876939057920428
"ACAM",0.75,3958,-1.35873025464974
"ACAM",0.75,2668,-1.90769469175848
"ACAM",0.75,1328,0.246656315886338
"ACAM",0.75,3617,-2.38268258454618
"ACAM",0.75,557,-1.70943799327251
"ACAM",0.75,1685,-2.39378579932339
"ACAM",0.75,287,-1.23960422936442
"ACAM",0.75,2662,-1.19698432223979
"ACAM",0.75,3217,-2.41082311442768
"ACAM",0.75,2377,-2.17187381612125
"ACAM",0.75,2535,-1.34757322757919
"ACAM",0.75,2903,-2.19895748703427
"ACAM",0.75,2899,-2.35492986405363
"ACAM",0.75,3702,-2.12892835575634
"ACAM",0.75,1522,-1.81731381511185
"ACAM",0.75,858,-1.72426438209235
"ACAM",0.75,1840,-2.30486730065769
"ACAM",0.75,2667,-1.47126501053859
"ACAM",0.75,576,-1.14008904026038
"ACAM",0.75,990,-1.81619807637396
"ACAM",0.75,3562,-1.78327208792946
"ACAM",0.75,3808,-1.33371136080614
"ACAM",0.75,3071,-2.29595356459006
"ACAM",0.75,3175,-2.42804731102732
"ACAM",0.75,316,-2.05868908886452
"ACAM",0.75,1075,-1.84863969706122
"ACAM",0.75,733,-2.18296811448032
"ACAM",0.75,1314,-0.416289517523038
"ACAM",0.75,2698,-0.722645442936912
"ACAM",0.75,3996,-2.20358555860749
"ACAM",0.75,811,-1.90008166449421
"ACAM",0.75,955,-1.36711171638824
"ACAM",0.75,2330,-2.39392481327724
"ACAM",0.75,1167,-2.37873592909326
"ACAM",0.75,3514,-2.01678613850678
"ACAM",0.75,2333,0.882955741806657
"ACAM",0.75,1706,-2.01927851209971
"ACAM",0.75,3120,-1.88755483832643
"ACAM",0.75,501,-2.31777430429759
"ACAM",0.75,3788,-1.64745791186051
"ACAM",0.75,2559,-2.41563447949819
"ACAM",0.75,3367,-1.94040783059155
"ACAM",0.75,536,-1.57933587325224
"ACAM",0.75,2741,-0.684507459400474
"ACAM",0.75,988,-1.19392507601367
"ACAM",0.75,3286,-1.60739942555918
"ACAM",0.75,2785,-0.702080854620044
"ACAM",0.75,3411,-0.931212027535586
"ACAM",0.75,3418,-1.90204675259305
"ACAM",0.75,3747,-1.76555040074857
"ACAM",0.75,1067,-1.30178288158079
"ACAM",0.75,1025,-2.54963739133166
"ACAM",0.75,29,-2.18930100339979
"ACAM",0.75,3662,-2.03426453593499
"ACAM",0.75,1942,-2.02713604109418
"ACAM",0.75,838,-2.31583905949023
"ACAM",0.75,1820,-1.73132356584053
"ACAM",0.75,1652,-1.99992080660496
"ACAM",0.75,2281,-1.10465662418648
"ACAM",0.75,1317,-1.84639461836759
"ACAM",0.75,573,-2.07427460844351
"ACAM",0.75,1966,-1.14700232864318
"ACAM",0.75,369,-1.12431278795096
"ACAM",0.75,2499,-1.94676032240652
"ACAM",0.75,86,-1.9988049088972
"ACAM",0.75,1507,-2.43255406506506
"ACAM",0.75,2375,-2.18881256499375
"ACAM",0.75,1646,-1.40250189829683
"ACAM",0.75,355,-2.18320693146667
"ACAM",0.75,1843,-1.81868318847787
"ACAM",0.75,2860,-2.11897245715357
"ACAM",0.75,1073,-1.59742378640709
"ACAM",0.75,361,-1.2250702158555
"ACAM",0.75,1340,-1.82841733826323
"ACAM",0.75,1266,-2.16882110601936
"ACAM",0.75,3512,-1.65607709654755
"ACAM",0.75,2806,-1.64496167341939
"ACAM",0.75,1841,-1.59533034665581
"ACAM",0.75,2866,-2.38687373583
"ACAM",0.75,247,-1.64861394739734
"ACAM",0.75,751,-2.0897135710144
"ACAM",0.75,219,-2.5172497895827
"ACAM",0.75,135,-2.20734524681277
"ACAM",0.75,111,-1.94463964061013
"ACAM",0.75,532,-2.2436796694376
"ACAM",0.75,2425,-1.48516435939043
"ACAM",0.75,408,-2.08672800046303
"ACAM",0.75,3123,-2.00314726829237
"ACAM",0.75,1589,-1.95099240695505
"ACAM",0.75,912,-0.824620511009438
"ACAM",0.75,2515,-0.70282836416135
"ACAM",0.75,3428,-2.51135884457773
"ACAM",0.75,2178,-2.10933287684835
"ACAM",0.75,3887,-1.49375084238439
"ACAM",0.75,3137,-2.08777807202408
"ACAM",0.75,1836,-1.69733462423151
"ACAM",0.75,359,-1.81073689987307
"ACAM",0.75,2153,-1.86865082505478
"ACAM",0.75,1148,-1.44590545397627
"ACAM",0.75,2042,-1.59885614464645
"ACAM",0.75,1101,-1.07682691288555
"ACAM",0.75,1242,-2.16077744815524
"ACAM",0.75,3682,-2.34405496178937
"ACAM",1,1422,-1.24351505862751
"ACAM",1,1017,0.838537739464839
"ACAM",1,3908,-0.936517147196331
"ACAM",1,679,-0.683897924279347
"ACAM",1,2177,-1.28892605884131
"ACAM",1,930,0.127988826534226
"ACAM",1,1533,0.593175376359242
"ACAM",1,471,0.515800522320152
"ACAM",1,2347,0.0724182479462124
"ACAM",1,270,-0.711552790827253
"ACAM",1,1211,-0.938747837743966
"ACAM",1,3379,0.234898674885091
"ACAM",1,597,-0.256018576581524
"ACAM",1,1301,-0.635213027465961
"ACAM",1,3946,-0.381223972575785
"ACAM",1,1974,-0.264946609020467
"ACAM",1,3566,-0.04757732392615
"ACAM",1,330,0.390311347407401
"ACAM",1,1799,-2.0337163152195
"ACAM",1,3913,-0.201412114343076
"ACAM",1,1615,-1.02120766145285
"ACAM",1,1749,1.11536964567242
"ACAM",1,37,-1.45818765097715
"ACAM",1,1129,0.334958490923267
"ACAM",1,729,0.634320788427408
"ACAM",1,878,-1.50105574200271
"ACAM",1,485,-0.189079406310156
"ACAM",1,3749,-0.229245489182739
"ACAM",1,1826,-0.947194625531891
"ACAM",1,2922,-1.26793906184868
"ACAM",1,2430,1.36432663258402
"ACAM",1,3673,-1.27700003655036
"ACAM",1,975,-0.34253630074116
"ACAM",1,2849,-1.22994779765282
"ACAM",1,2900,-0.0093060699029148
"ACAM",1,2979,-1.83166150505144
"ACAM",1,2374,-0.629797468485655
"ACAM",1,2378,-0.596803949754133
"ACAM",1,554,-0.359877895457233
"ACAM",1,1446,0.367575467279725
"ACAM",1,2159,0.32493279299327
"ACAM",1,3476,1.65427434084411
"ACAM",1,1948,-0.0103976758744566
"ACAM",1,2580,-0.720509078041831
"ACAM",1,1530,1.02478764812468
"ACAM",1,2604,1.60374406046246
"ACAM",1,2937,-0.559904560416894
"ACAM",1,343,0.468688091913928
"ACAM",1,2630,-0.298156327105649
"ACAM",1,3193,-0.171028566621443
"ACAM",1,40,-0.055766089437763
"ACAM",1,3756,0.161304813356122
"ACAM",1,537,-1.3263226181088
"ACAM",1,2423,-1.16240404552881
"ACAM",1,248,-0.837450588293461
"ACAM",1,1222,-0.420919754573483
"ACAM",1,2426,0.316192214611324
"ACAM",1,2087,0.949299921384422
"ACAM",1,2483,0.646511591194129
"ACAM",1,2858,1.07990544375687
"ACAM",1,1414,0.312057325796732
"ACAM",1,1304,0.779642770152271
"ACAM",1,1696,0.636394103079081
"ACAM",1,526,-0.0595582350216679
"ACAM",1,2690,-1.67221317927874
"ACAM",1,1069,-0.818275819906237
"ACAM",1,1426,0.0205623885996273
"ACAM",1,22,-0.452563168627615
"ACAM",1,1742,-0.392163299272972
"ACAM",1,1766,0.265802345139111
"ACAM",1,2241,-0.294481066692228
"ACAM",1,1395,0.235910692986119
"ACAM",1,2547,1.20471330502858
"ACAM",1,1128,1.11104643628308
"ACAM",1,3398,-1.86541978248995
"ACAM",1,983,0.475797335927053
"ACAM",1,1791,-0.0461766503388368
"ACAM",1,1516,-1.55501657021744
"ACAM",1,3910,0.949589585606655
"ACAM",1,1640,0.459940362991394
"ACAM",1,1639,-0.533549710803536
"ACAM",1,843,0.552923619537669
"ACAM",1,465,-0.507823396506721
"ACAM",1,996,0.517762328757829
"ACAM",1,1549,-0.84603035496107
"ACAM",1,3880,1.72860098306715
"ACAM",1,3801,-0.450497543457446
"ACAM",1,1200,-1.5891104361726
"ACAM",1,3417,-0.972587808064389
"ACAM",1,3863,-0.0563168487882236
"ACAM",1,1134,-0.33009020312768
"ACAM",1,84,-0.0136995210224051
"ACAM",1,1895,-0.125158878558944
"ACAM",1,3101,-0.228378901455251
"ACAM",1,1165,-0.409569670849252
"ACAM",1,2300,-0.373612156354553
"ACAM",1,2781,-0.881508350114126
"ACAM",1,3958,0.546302299029022
"ACAM",1,2668,0.201158843567177
"ACAM",1,1328,0.445785448303862
"ACAM",1,3617,0.309110264598663
"ACAM",1,557,-1.69832365164609
"ACAM",1,1685,-0.9027063897367
"ACAM",1,287,-0.914168812116569
"ACAM",1,2662,-0.613448429086746
"ACAM",1,3217,-0.0500683018660808
"ACAM",1,2377,-0.715664738989063
"ACAM",1,2535,-0.178329893249921
"ACAM",1,2903,2.42903125629193
"ACAM",1,2899,-0.186240909250119
"ACAM",1,3702,-1.36123957275129
"ACAM",1,1522,-0.922781483312821
"ACAM",1,858,0.380140773655314
"ACAM",1,1840,0.521940281179438
"ACAM",1,2667,-0.206151965276537
"ACAM",1,576,-0.0415447604841491
"ACAM",1,990,-0.328415439024841
"ACAM",1,3562,0.161665306703801
"ACAM",1,3808,0.362376758583355
"ACAM",1,3071,0.222367245965457
"ACAM",1,3175,0.541632588271423
"ACAM",1,316,0.166107603734214
"ACAM",1,1075,0.172738330878171
"ACAM",1,733,-1.78720413926921
"ACAM",1,1314,-0.817451014223526
"ACAM",1,2698,0.0229843916674596
"ACAM",1,3996,-0.679368120451829
"ACAM",1,811,-0.269639787252259
"ACAM",1,955,-0.788475210025749
"ACAM",1,2330,-1.30934435499362
"ACAM",1,1167,-0.541430373308602
"ACAM",1,3514,-1.25775199650658
"ACAM",1,2333,-0.76527201215581
"ACAM",1,1706,0.537694473826746
"ACAM",1,3120,-0.347254103804692
"ACAM",1,501,-0.0832348306832418
"ACAM",1,3788,-0.338671787125482
"ACAM",1,2559,-1.33142663102518
"ACAM",1,3367,-0.230424191353455
"ACAM",1,536,-0.0537391449109452
"ACAM",1,2741,-1.34262866037197
"ACAM",1,988,-0.351431314824577
"ACAM",1,3286,-1.54025703174919
"ACAM",1,2785,0.0199634692869578
"ACAM",1,3411,-1.48597586038371
"ACAM",1,3418,-1.09906380310696
"ACAM",1,3747,0.667115165146591
"ACAM",1,1067,-1.07050624235398
"ACAM",1,1025,1.6066155944141
"ACAM",1,29,0.529757080918433
"ACAM",1,3662,-0.409144636976861
"ACAM",1,1942,-1.58780221334442
"ACAM",1,838,-0.690465984268531
"ACAM",1,1820,0.722567981860971
"ACAM",1,1652,0.17331840318972
"ACAM",1,2281,-1.02846544016487
"ACAM",1,1317,0.267181930650759
"ACAM",1,573,-0.236430312641134
"ACAM",1,1966,0.164917920620039
"ACAM",1,369,0.91038762601936
"ACAM",1,2499,-0.879648468709941
"ACAM",1,86,0.644832609316085
"ACAM",1,1507,-1.7018159493505
"ACAM",1,2375,-0.534941297754052
"ACAM",1,1646,0.319856462357843
"ACAM",1,355,-0.390407478554414
"ACAM",1,1843,0.0564804791791427
"ACAM",1,2860,0.020777230334752
"ACAM",1,1073,0.284888783195481
"ACAM",1,361,-0.255656342103604
"ACAM",1,1340,-0.505780068964078
"ACAM",1,1266,-0.335216681177245
"ACAM",1,3512,-0.666295451200896
"ACAM",1,2806,0.423311031534133
"ACAM",1,1841,-0.863560814943305
"ACAM",1,2866,-1.72246969914354
"ACAM",1,247,0.623085412943277
"ACAM",1,751,-1.10272542681344
"ACAM",1,219,-0.583273598535339
"ACAM",1,135,0.53525531846865
"ACAM",1,111,0.922838709592626
"ACAM",1,532,0.102644209361419
"ACAM",1,2425,0.664764674836637
"ACAM",1,408,-0.89827931566792
"ACAM",1,3123,1.02034770828625
"ACAM",1,1589,0.182068529237847
"ACAM",1,912,0.537350516765587
"ACAM",1,2515,0.346268269231716
"ACAM",1,3428,0.409227126271319
"ACAM",1,2178,0.0330446757632218
"ACAM",1,3887,1.01075556781019
"ACAM",1,3137,0.243652725444282
"ACAM",1,1836,1.66558783426338
"ACAM",1,359,-0.137506787020652
"ACAM",1,2153,0.47224642214193
"ACAM",1,1148,-0.181078131295976
"ACAM",1,2042,-0.0665877325818334
"ACAM",1,1101,0.106237513648463
"ACAM",1,1242,-0.225751486321181
"ACAM",1,3682,-0.535622024034836
"BRHO",0.6,1422,5.6916608190788
"BRHO",0.6,1017,5.57457682550355
"BRHO",0.6,3908,5.36416208298572
"BRHO",0.6,679,5.51946385837936
"BRHO",0.6,2177,5.41958023836805
"BRHO",0.6,930,5.40862309344118
"BRHO",0.6,1533,5.82150660414996
"BRHO",0.6,471,5.69295013258389
"BRHO",0.6,2347,5.69930346561469
"BRHO",0.6,270,5.67060497042644
"BRHO",0.6,1211,5.76120619683065
"BRHO",0.6,3379,4.99416097616548
"BRHO",0.6,597,5.8624149146118
"BRHO",0.6,1301,5.44330619430923
"BRHO",0.6,3946,6.00421253397598
"BRHO",0.6,1974,5.64467334235558
"BRHO",0.6,3566,5.42062708920012
"BRHO",0.6,330,5.41687339363121
"BRHO",0.6,1799,5.45502920144323
"BRHO",0.6,3913,5.29668698304554
"BRHO",0.6,1615,5.56650542343302
"BRHO",0.6,1749,5.65819858578027
"BRHO",0.6,37,5.81448431320737
"BRHO",0.6,1129,5.78938843640158
"BRHO",0.6,729,5.52917370133471
"BRHO",0.6,878,5.56651039665796
"BRHO",0.6,485,5.63365570391059
"BRHO",0.6,3749,5.92938820768356
"BRHO",0.6,1826,5.78963186022242
"BRHO",0.6,2922,5.60621493872644
"BRHO",0.6,2430,5.47870494773939
"BRHO",0.6,3673,5.58987265158366
"BRHO",0.6,975,5.6594493392701
"BRHO",0.6,2849,5.15627764469812
"BRHO",0.6,2900,5.67548409818771
"BRHO",0.6,2979,5.51052089674018
"BRHO",0.6,2374,5.37811965075003
"BRHO",0.6,2378,5.68335536850239
"BRHO",0.6,554,5.28355623113941
"BRHO",0.6,1446,5.64989728100787
"BRHO",0.6,2159,5.929216992768
"BRHO",0.6,3476,5.45371062881995
"BRHO",0.6,1948,5.65289170375317
"BRHO",0.6,2580,5.71569555400865
"BRHO",0.6,1530,5.70160515075701
"BRHO",0.6,2604,5.64414645569539
"BRHO",0.6,2937,6.21476116445003
"BRHO",0.6,343,5.72352518486885
"BRHO",0.6,2630,5.74115413758153
"BRHO",0.6,3193,5.99608236433585
"BRHO",0.6,40,5.36949063294206
"BRHO",0.6,3756,5.72516161176647
"BRHO",0.6,537,5.43113648985051
"BRHO",0.6,2423,5.75315773858236
"BRHO",0.6,248,5.59497572539025
"BRHO",0.6,1222,5.58845950136056
"BRHO",0.6,2426,5.47252394238376
"BRHO",0.6,2087,5.47949430336611
"BRHO",0.6,2483,5.98149019486395
"BRHO",0.6,2858,5.79055868106991
"BRHO",0.6,1414,5.76141732396641
"BRHO",0.6,1304,5.5449560275723
"BRHO",0.6,1696,5.33752190146946
"BRHO",0.6,526,5.55793462150649
"BRHO",0.6,2690,5.62007239092032
"BRHO",0.6,1069,5.60929242930938
"BRHO",0.6,1426,5.52933588340446
"BRHO",0.6,22,5.70770098262598
"BRHO",0.6,1742,5.4594964442505
"BRHO",0.6,1766,5.54217275147253
"BRHO",0.6,2241,5.48539309037072
"BRHO",0.6,1395,5.75044183237033
"BRHO",0.6,2547,5.43964304926768
"BRHO",0.6,1128,5.19720632596862
"BRHO",0.6,3398,5.29188562312619
"BRHO",0.6,983,5.51865821081791
"BRHO",0.6,1791,5.60766256606234
"BRHO",0.6,1516,5.57960878188172
"BRHO",0.6,3910,5.42698172575441
"BRHO",0.6,1640,5.48793514018139
"BRHO",0.6,1639,5.28309473139164
"BRHO",0.6,843,5.71637317122886
"BRHO",0.6,465,5.68307613985266
"BRHO",0.6,996,5.52040858924827
"BRHO",0.6,1549,5.52310171598399
"BRHO",0.6,3880,5.71927703624411
"BRHO",0.6,3801,5.67331001590064
"BRHO",0.6,1200,5.76076973344964
"BRHO",0.6,3417,5.41265964725172
"BRHO",0.6,3863,5.56061714036841
"BRHO",0.6,1134,5.66184804351183
"BRHO",0.6,84,5.84925739516375
"BRHO",0.6,1895,5.56131316883043
"BRHO",0.6,3101,5.51536175929396
"BRHO",0.6,1165,5.57276304904129
"BRHO",0.6,2300,5.39872723061152
"BRHO",0.6,2781,5.31056693953483
"BRHO",0.6,3958,5.6856266944536
"BRHO",0.6,2668,5.59673422921537
"BRHO",0.6,1328,5.73074069135873
"BRHO",0.6,3617,5.65971238283693
"BRHO",0.6,557,5.4073100329786
"BRHO",0.6,1685,5.79380058935396
"BRHO",0.6,287,5.73188183729254
"BRHO",0.6,2662,5.59713283812318
"BRHO",0.6,3217,5.46298638063903
"BRHO",0.6,2377,5.79356965276081
"BRHO",0.6,2535,5.49416028438711
"BRHO",0.6,2903,5.39560118840696
"BRHO",0.6,2899,5.07012968987952
"BRHO",0.6,3702,5.46033611292514
"BRHO",0.6,1522,5.42909825583548
"BRHO",0.6,858,5.4606220326322
"BRHO",0.6,1840,5.42084898534186
"BRHO",0.6,2667,5.41987850307749
"BRHO",0.6,576,5.49416132283075
"BRHO",0.6,990,6.12823958640205
"BRHO",0.6,3562,5.55425542610224
"BRHO",0.6,3808,5.07664590536171
"BRHO",0.6,3071,5.55703072863976
"BRHO",0.6,3175,5.92294748490634
"BRHO",0.6,316,5.81342084542874
"BRHO",0.6,1075,5.79900241556466
"BRHO",0.6,733,5.59110180232632
"BRHO",0.6,1314,5.62962821439098
"BRHO",0.6,2698,5.67588881608881
"BRHO",0.6,3996,5.27705532312395
"BRHO",0.6,811,5.54011834281007
"BRHO",0.6,955,5.43974088854365
"BRHO",0.6,2330,5.55257862070702
"BRHO",0.6,1167,5.85445272179623
"BRHO",0.6,3514,5.43282983915977
"BRHO",0.6,2333,5.22929925018557
"BRHO",0.6,1706,5.43458325769278
"BRHO",0.6,3120,5.52419614575264
"BRHO",0.6,501,5.0170958686171
"BRHO",0.6,3788,5.4556010760535
"BRHO",0.6,2559,5.21537976221645
"BRHO",0.6,3367,5.63866613920345
"BRHO",0.6,536,5.72497051045018
"BRHO",0.6,2741,5.37221084177855
"BRHO",0.6,988,5.85151062433143
"BRHO",0.6,3286,5.32579910663135
"BRHO",0.6,2785,5.2623167422321
"BRHO",0.6,3411,5.35742657567559
"BRHO",0.6,3418,5.30139219416509
"BRHO",0.6,3747,5.61686121699735
"BRHO",0.6,1067,5.70182592953066
"BRHO",0.6,1025,5.9155948479705
"BRHO",0.6,29,5.61881706757961
"BRHO",0.6,3662,5.71442762142655
"BRHO",0.6,1942,5.5998832415603
"BRHO",0.6,838,5.38757186232142
"BRHO",0.6,1820,5.93927358239474
"BRHO",0.6,1652,6.10081640921089
"BRHO",0.6,2281,5.46960520257856
"BRHO",0.6,1317,5.56754297297297
"BRHO",0.6,573,5.37707323735744
"BRHO",0.6,1966,5.61468520648175
"BRHO",0.6,369,5.77471118626316
"BRHO",0.6,2499,5.26233299393979
"BRHO",0.6,86,5.46218382774941
"BRHO",0.6,1507,5.57853495272247
"BRHO",0.6,2375,5.71695236054191
"BRHO",0.6,1646,5.54372723030355
"BRHO",0.6,355,5.34551877648453
"BRHO",0.6,1843,5.3674086963792
"BRHO",0.6,2860,5.34585218616862
"BRHO",0.6,1073,5.56614852244522
"BRHO",0.6,361,5.54168344195265
"BRHO",0.6,1340,5.21869651493694
"BRHO",0.6,1266,5.5974872593941
"BRHO",0.6,3512,5.4568442048141
"BRHO",0.6,2806,5.55420510050984
"BRHO",0.6,1841,5.95182497847903
"BRHO",0.6,2866,5.89804288084909
"BRHO",0.6,247,5.80080803135979
"BRHO",0.6,751,5.73744221397415
"BRHO",0.6,219,5.62505155846936
"BRHO",0.6,135,5.52752091464794
"BRHO",0.6,111,5.67580869712722
"BRHO",0.6,532,5.29053209612946
"BRHO",0.6,2425,5.52860721816467
"BRHO",0.6,408,6.12530305287468
"BRHO",0.6,3123,5.90944462217051
"BRHO",0.6,1589,5.59850696220525
"BRHO",0.6,912,5.41111083493607
"BRHO",0.6,2515,5.50086558023991
"BRHO",0.6,3428,5.62030209748866
"BRHO",0.6,2178,5.45382035482361
"BRHO",0.6,3887,5.30476501343632
"BRHO",0.6,3137,5.28529835511411
"BRHO",0.6,1836,5.56729580904164
"BRHO",0.6,359,5.34409462963428
"BRHO",0.6,2153,5.3909879865912
"BRHO",0.6,1148,5.46967523627739
"BRHO",0.6,2042,5.48278298415866
"BRHO",0.6,1101,5.43559984553092
"BRHO",0.6,1242,5.94143938572852
"BRHO",0.6,3682,5.78884027923966
"BRHO",0.75,1422,6.47546171053009
"BRHO",0.75,1017,6.53313300524143
"BRHO",0.75,3908,6.37067793936145
"BRHO",0.75,679,6.75189440107596
"BRHO",0.75,2177,6.23570893429411
"BRHO",0.75,930,6.68732385162545
"BRHO",0.75,1533,6.2176127782039
"BRHO",0.75,471,6.75601424694173
"BRHO",0.75,2347,6.64565876739061
"BRHO",0.75,270,6.12205526054021
"BRHO",0.75,1211,6.28237732465384
"BRHO",0.75,3379,6.63393886936951
"BRHO",0.75,597,6.7051171540423
"BRHO",0.75,1301,6.23384899755878
"BRHO",0.75,3946,6.53851796461384
"BRHO",0.75,1974,5.97005489869342
"BRHO",0.75,3566,6.60963342956886
"BRHO",0.75,330,6.23736125669321
"BRHO",0.75,1799,6.0326996165511
"BRHO",0.75,3913,6.32862075534876
"BRHO",0.75,1615,6.22639504260209
"BRHO",0.75,1749,6.31995645636318
"BRHO",0.75,37,6.52904242762995
"BRHO",0.75,1129,6.01170416327479
"BRHO",0.75,729,6.81242240108557
"BRHO",0.75,878,6.09234176031085
"BRHO",0.75,485,5.95120256760095
"BRHO",0.75,3749,6.06156958007212
"BRHO",0.75,1826,6.57727566933383
"BRHO",0.75,2922,6.38453433012489
"BRHO",0.75,2430,6.35928452277736
"BRHO",0.75,3673,6.25066617423902
"BRHO",0.75,975,6.39084154687606
"BRHO",0.75,2849,6.59067255781829
"BRHO",0.75,2900,6.36801976101232
"BRHO",0.75,2979,6.30376707089098
"BRHO",0.75,2374,6.33363744989843
"BRHO",0.75,2378,6.71020984022743
"BRHO",0.75,554,6.40179503140017
"BRHO",0.75,1446,6.42719534457078
"BRHO",0.75,2159,6.63559929920159
"BRHO",0.75,3476,6.27317622550387
"BRHO",0.75,1948,6.38327841437573
"BRHO",0.75,2580,6.12814172006753
"BRHO",0.75,1530,6.06414855532079
"BRHO",0.75,2604,5.89072238519338
"BRHO",0.75,2937,6.42709945577343
"BRHO",0.75,343,6.17317321238391
"BRHO",0.75,2630,6.15971031414274
"BRHO",0.75,3193,6.25481723560854
"BRHO",0.75,40,6.4447729059895
"BRHO",0.75,3756,6.45821466880318
"BRHO",0.75,537,6.78958754152295
"BRHO",0.75,2423,6.76050314884807
"BRHO",0.75,248,5.94295119253339
"BRHO",0.75,1222,6.35008658425183
"BRHO",0.75,2426,6.46324679371305
"BRHO",0.75,2087,6.3205978445083
"BRHO",0.75,2483,6.57522230733056
"BRHO",0.75,2858,6.33468006081844
"BRHO",0.75,1414,7.01467728976623
"BRHO",0.75,1304,6.56418578323931
"BRHO",0.75,1696,6.40089724564386
"BRHO",0.75,526,6.45812405085083
"BRHO",0.75,2690,6.09316790643023
"BRHO",0.75,1069,6.42798445839902
"BRHO",0.75,1426,6.28178082090804
"BRHO",0.75,22,6.41370229806429
"BRHO",0.75,1742,6.12817211968738
"BRHO",0.75,1766,6.46126766683768
"BRHO",0.75,2241,6.21964926868181
"BRHO",0.75,1395,6.4117530915529
"BRHO",0.75,2547,6.20349797566752
"BRHO",0.75,1128,5.82619981846419
"BRHO",0.75,3398,6.50063381421771
"BRHO",0.75,983,6.33392914885953
"BRHO",0.75,1791,6.48697167607107
"BRHO",0.75,1516,6.12076793651833
"BRHO",0.75,3910,6.57367640296593
"BRHO",0.75,1640,6.16865467556127
"BRHO",0.75,1639,6.34339719711273
"BRHO",0.75,843,5.97125637693802
"BRHO",0.75,465,6.55372432107268
"BRHO",0.75,996,6.82259408214003
"BRHO",0.75,1549,6.33545398178944
"BRHO",0.75,3880,6.39616017034528
"BRHO",0.75,3801,6.67615584848096
"BRHO",0.75,1200,6.35420601664233
"BRHO",0.75,3417,6.25075085198897
"BRHO",0.75,3863,6.34043600559428
"BRHO",0.75,1134,6.26613481925782
"BRHO",0.75,84,6.61549078346843
"BRHO",0.75,1895,5.99543743655329
"BRHO",0.75,3101,6.10427848006582
"BRHO",0.75,1165,6.21114165920352
"BRHO",0.75,2300,6.79356075429979
"BRHO",0.75,2781,6.57151159181767
"BRHO",0.75,3958,6.59312914794786
"BRHO",0.75,2668,6.1553683302397
"BRHO",0.75,1328,6.62937124295002
"BRHO",0.75,3617,6.19616631336442
"BRHO",0.75,557,6.25677476215639
"BRHO",0.75,1685,6.34845674061878
"BRHO",0.75,287,6.35467844279786
"BRHO",0.75,2662,6.3567418550313
"BRHO",0.75,3217,6.24158066583652
"BRHO",0.75,2377,5.78895150776605
"BRHO",0.75,2535,6.36251249893921
"BRHO",0.75,2903,6.35858478280553
"BRHO",0.75,2899,6.18014417779032
"BRHO",0.75,3702,6.23427973816194
"BRHO",0.75,1522,6.4491003434767
"BRHO",0.75,858,6.0652089058204
"BRHO",0.75,1840,6.6760592967232
"BRHO",0.75,2667,6.69065408556213
"BRHO",0.75,576,6.16857927873086
"BRHO",0.75,990,6.21115180395214
"BRHO",0.75,3562,6.41610660512271
"BRHO",0.75,3808,6.34291582535002
"BRHO",0.75,3071,6.96267638813512
"BRHO",0.75,3175,6.51218739308753
"BRHO",0.75,316,7.23920270414126
"BRHO",0.75,1075,6.67271490749192
"BRHO",0.75,733,6.38933320719397
"BRHO",0.75,1314,6.33225033370699
"BRHO",0.75,2698,6.05667603498529
"BRHO",0.75,3996,6.06892068250648
"BRHO",0.75,811,6.26004441416477
"BRHO",0.75,955,6.754918879973
"BRHO",0.75,2330,6.3736613804626
"BRHO",0.75,1167,6.47932453194145
"BRHO",0.75,3514,6.7067981178784
"BRHO",0.75,2333,6.29307557736234
"BRHO",0.75,1706,6.41567896892217
"BRHO",0.75,3120,6.16032322835595
"BRHO",0.75,501,6.28918443359056
"BRHO",0.75,3788,6.32106782978857
"BRHO",0.75,2559,6.41526318077316
"BRHO",0.75,3367,6.3413300483647
"BRHO",0.75,536,6.1170002859949
"BRHO",0.75,2741,6.58555959866444
"BRHO",0.75,988,6.71671160138641
"BRHO",0.75,3286,6.34353858439355
"BRHO",0.75,2785,6.73577554636009
"BRHO",0.75,3411,5.91129945860154
"BRHO",0.75,3418,6.06737152145629
"BRHO",0.75,3747,6.13968485669835
"BRHO",0.75,1067,6.56186847651908
"BRHO",0.75,1025,7.03288910202252
"BRHO",0.75,29,6.30671746151874
"BRHO",0.75,3662,6.86790596775238
"BRHO",0.75,1942,5.98768730386595
"BRHO",0.75,838,6.24728699983797
"BRHO",0.75,1820,6.09041599631793
"BRHO",0.75,1652,6.14667317348857
"BRHO",0.75,2281,6.4310719446022
"BRHO",0.75,1317,6.26218197461422
"BRHO",0.75,573,6.77893917006308
"BRHO",0.75,1966,6.13279300754375
"BRHO",0.75,369,6.82657495211707
"BRHO",0.75,2499,6.3236780393049
"BRHO",0.75,86,6.54849193900181
"BRHO",0.75,1507,6.1755022980526
"BRHO",0.75,2375,6.33341659616584
"BRHO",0.75,1646,5.89432781991838
"BRHO",0.75,355,6.42193168059329
"BRHO",0.75,1843,6.90035724336619
"BRHO",0.75,2860,6.35063980301266
"BRHO",0.75,1073,6.1530062615835
"BRHO",0.75,361,6.69229372188698
"BRHO",0.75,1340,6.00065694359143
"BRHO",0.75,1266,6.82605363703813
"BRHO",0.75,3512,6.45638238752943
"BRHO",0.75,2806,6.50200196550811
"BRHO",0.75,1841,5.90442987968823
"BRHO",0.75,2866,6.57728488514713
"BRHO",0.75,247,6.27402352694384
"BRHO",0.75,751,6.31444928971643
"BRHO",0.75,219,6.68743978441721
"BRHO",0.75,135,6.87249311838666
"BRHO",0.75,111,6.20426331249249
"BRHO",0.75,532,6.28902664527929
"BRHO",0.75,2425,6.08652900745735
"BRHO",0.75,408,6.24119419989792
"BRHO",0.75,3123,5.95624467164003
"BRHO",0.75,1589,6.24705798431017
"BRHO",0.75,912,6.30168695105849
"BRHO",0.75,2515,6.45955934065869
"BRHO",0.75,3428,5.97914745475486
"BRHO",0.75,2178,6.44427093508533
"BRHO",0.75,3887,6.11636614060713
"BRHO",0.75,3137,6.33326775082485
"BRHO",0.75,1836,6.68800624297132
"BRHO",0.75,359,6.7209624466226
"BRHO",0.75,2153,6.47577558912737
"BRHO",0.75,1148,6.46084551108359
"BRHO",0.75,2042,6.42551965374041
"BRHO",0.75,1101,6.1627808767368
"BRHO",0.75,1242,6.63163212979426
"BRHO",0.75,3682,6.27088402271913
"BRHO",1,1422,6.94790219591393
"BRHO",1,1017,7.01483732729483
"BRHO",1,3908,6.81130475152745
"BRHO",1,679,7.01306650994481
"BRHO",1,2177,6.65837040511733
"BRHO",1,930,7.20022124386508
"BRHO",1,1533,7.09761562129361
"BRHO",1,471,6.74277781415459
"BRHO",1,2347,6.98802312314269
"BRHO",1,270,7.10905698669092
"BRHO",1,1211,7.14539508199405
"BRHO",1,3379,6.72083807927824
"BRHO",1,597,7.2933930440173
"BRHO",1,1301,7.07400954478913
"BRHO",1,3946,6.93065452820005
"BRHO",1,1974,7.1625453715001
"BRHO",1,3566,7.13337052475542
"BRHO",1,330,7.60990563812788
"BRHO",1,1799,6.72293688031047
"BRHO",1,3913,6.77380808890949
"BRHO",1,1615,7.17814035441588
"BRHO",1,1749,7.85082090039438
"BRHO",1,37,7.23173866053615
"BRHO",1,1129,6.29350887456391
"BRHO",1,729,7.83498284980473
"BRHO",1,878,6.78631213956595
"BRHO",1,485,6.96422482450754
"BRHO",1,3749,6.83354455257961
"BRHO",1,1826,6.71282462982142
"BRHO",1,2922,6.8514882814635
"BRHO",1,2430,7.03654131425102
"BRHO",1,3673,6.68877671749496
"BRHO",1,975,6.51252270486575
"BRHO",1,2849,7.0862743398176
"BRHO",1,2900,6.81392153474252
"BRHO",1,2979,6.90738205421516
"BRHO",1,2374,6.89994174681345
"BRHO",1,2378,7.01085117420354
"BRHO",1,554,7.08731141132401
"BRHO",1,1446,7.07286672066835
"BRHO",1,2159,6.68654243246705
"BRHO",1,3476,6.24555585684961
"BRHO",1,1948,6.79489146956835
"BRHO",1,2580,7.07204089211926
"BRHO",1,1530,6.56996534385205
"BRHO",1,2604,7.20885299618442
"BRHO",1,2937,6.54709057566518
"BRHO",1,343,6.94285562476385
"BRHO",1,2630,6.85339365012164
"BRHO",1,3193,6.83765000884961
"BRHO",1,40,6.60866208005072
"BRHO",1,3756,7.15694078730538
"BRHO",1,537,6.89368262030811
"BRHO",1,2423,6.90090235830225
"BRHO",1,248,6.84266258325322
"BRHO",1,1222,6.53459908960802
"BRHO",1,2426,6.84063166204856
"BRHO",1,2087,6.84648278807657
"BRHO",1,2483,6.81954873667312
"BRHO",1,2858,7.30839257711868
"BRHO",1,1414,6.88085644567159
"BRHO",1,1304,7.25127807812967
"BRHO",1,1696,6.6672681055037
"BRHO",1,526,6.90089353102522
"BRHO",1,2690,6.70373600111407
"BRHO",1,1069,7.3986922774146
"BRHO",1,1426,7.25249407449406
"BRHO",1,22,6.8975006479239
"BRHO",1,1742,6.30911515859597
"BRHO",1,1766,6.97402144485444
"BRHO",1,2241,7.10482892357039
"BRHO",1,1395,6.78913310803938
"BRHO",1,2547,6.85823409878673
"BRHO",1,1128,7.61969987379271
"BRHO",1,3398,8.14081708822859
"BRHO",1,983,6.88878851009427
"BRHO",1,1791,6.9394815933354
"BRHO",1,1516,6.99061916929815
"BRHO",1,3910,6.82619069225777
"BRHO",1,1640,7.06002558581284
"BRHO",1,1639,6.7221020466917
"BRHO",1,843,6.39863071051182
"BRHO",1,465,7.01947356757034
"BRHO",1,996,6.49304057241591
"BRHO",1,1549,7.13875495048836
"BRHO",1,3880,7.0027259084476
"BRHO",1,3801,7.35422430205608
"BRHO",1,1200,6.90192069308362
"BRHO",1,3417,7.26613061769877
"BRHO",1,3863,6.78678763433518
"BRHO",1,1134,6.86351017832996
"BRHO",1,84,6.83631186147256
"BRHO",1,1895,6.99307137319044
"BRHO",1,3101,7.06377112295553
"BRHO",1,1165,7.3338842058851
"BRHO",1,2300,7.14493460581053
"BRHO",1,2781,6.77156949421978
"BRHO",1,3958,7.05853230132343
"BRHO",1,2668,6.62709235514771
"BRHO",1,1328,6.89759090282707
"BRHO",1,3617,6.55736095461487
"BRHO",1,557,6.54903127576526
"BRHO",1,1685,7.01691258338233
"BRHO",1,287,7.57512848053783
"BRHO",1,2662,6.48204285411867
"BRHO",1,3217,6.9106252509531
"BRHO",1,2377,6.87794265216802
"BRHO",1,2535,6.80271139402694
"BRHO",1,2903,7.24712791695171
"BRHO",1,2899,6.88016475104139
"BRHO",1,3702,6.84353133556099
"BRHO",1,1522,7.00101215995493
"BRHO",1,858,6.94266096991774
"BRHO",1,1840,6.65241083675858
"BRHO",1,2667,6.9361047409939
"BRHO",1,576,6.98817522560093
"BRHO",1,990,7.38487693539488
"BRHO",1,3562,6.93539075317088
"BRHO",1,3808,7.40580272078228
"BRHO",1,3071,6.68177533703931
"BRHO",1,3175,6.50679614930815
"BRHO",1,316,6.59092430048769
"BRHO",1,1075,6.88455482770364
"BRHO",1,733,6.79187045170907
"BRHO",1,1314,7.00905119162521
"BRHO",1,2698,6.89664049226051
"BRHO",1,3996,6.84271027406347
"BRHO",1,811,7.20817077237904
"BRHO",1,955,6.27192684856591
"BRHO",1,2330,7.06802951981633
"BRHO",1,1167,7.32355252240043
"BRHO",1,3514,7.18030810349285
"BRHO",1,2333,6.51430142078295
"BRHO",1,1706,7.16733361615227
"BRHO",1,3120,7.56347973843126
"BRHO",1,501,6.71801142861154
"BRHO",1,3788,6.92175039382519
"BRHO",1,2559,7.76485187582243
"BRHO",1,3367,6.90512925928787
"BRHO",1,536,6.84973992295212
"BRHO",1,2741,7.04667708342798
"BRHO",1,988,6.45591393869688
"BRHO",1,3286,6.74257729862416
"BRHO",1,2785,7.03544925116041
"BRHO",1,3411,6.88647221056274
"BRHO",1,3418,6.33133950722935
"BRHO",1,3747,6.97269329381055
"BRHO",1,1067,6.8495191015641
"BRHO",1,1025,6.93305275007702
"BRHO",1,29,6.68423849561872
"BRHO",1,3662,7.23048051789765
"BRHO",1,1942,7.65035446157794
"BRHO",1,838,6.7271251565331
"BRHO",1,1820,6.91308526760914
"BRHO",1,1652,7.51557015528124
"BRHO",1,2281,7.07530117725715
"BRHO",1,1317,6.94280982999444
"BRHO",1,573,6.53041918665169
"BRHO",1,1966,7.44932482382675
"BRHO",1,369,7.25193099059205
"BRHO",1,2499,7.52866786941363
"BRHO",1,86,7.13230279793748
"BRHO",1,1507,6.7561903398159
"BRHO",1,2375,7.0449093672117
"BRHO",1,1646,6.93816024364876
"BRHO",1,355,7.09481219558956
"BRHO",1,1843,7.58524439151971
"BRHO",1,2860,6.54207306355721
"BRHO",1,1073,6.60814831134239
"BRHO",1,361,6.7089248206906
"BRHO",1,1340,7.10716750415032
"BRHO",1,1266,6.97930127464584
"BRHO",1,3512,6.60156027060672
"BRHO",1,2806,6.43872015829098
"BRHO",1,1841,6.19175412469396
"BRHO",1,2866,6.76265340374993
"BRHO",1,247,6.94513454907151
"BRHO",1,751,7.11542349413719
"BRHO",1,219,6.95988000087462
"BRHO",1,135,7.42271408089027
"BRHO",1,111,6.79126900401579
"BRHO",1,532,6.96118218057777
"BRHO",1,2425,6.92259994270558
"BRHO",1,408,6.94128513344103
"BRHO",1,3123,6.69813059809894
"BRHO",1,1589,6.47386654577012
"BRHO",1,912,6.76400406971392
"BRHO",1,2515,7.12235091928157
"BRHO",1,3428,7.09274572687767
"BRHO",1,2178,7.09144663240024
"BRHO",1,3887,7.32395806103382
"BRHO",1,3137,6.40677420618028
"BRHO",1,1836,6.93402498970647
"BRHO",1,359,6.74764499295917
"BRHO",1,2153,6.88298325330078
"BRHO",1,1148,7.18514094496806
"BRHO",1,2042,6.8597736901056
"BRHO",1,1101,7.01711024686153
"BRHO",1,1242,6.84796540456968
"BRHO",1,3682,7.44320483333621
